id,Condition,Item,rep.equation,RT.equation,completion,RT.completion,res.equation,cor.equation,nbr.NP1,nbr.comp,attachment,halfsession,amount.cor.equation,age
5,percep_low,16,93,21899,danse,21026,93,1,sg,sg,1,0,24,18
5,percep_high,28,86,6837,fait la fête,10699,64,0,sg,sg,1,0,24,18
5,stat_high,15,76,21482,fait du piano,14358,76,1,pl,sg,0,0,24,18
5,percep_high,6,-22,39074,se rebellaient,9846,-22,1,pl,pl,1,0,24,18
5,percep_low,8,142,47678,aidait un élève,15537,142,1,sg,sg,1,0,24,18
5,stat_low,9,153,35172,s'occupe de son fils,26187,153,1,sg,sg,1,0,24,18
5,percep_high,27,75,15797,navigue beaucoup,17719,75,1,sg,sg,1,0,24,18
5,stat_low,5,136,20410,l'obligent à  maigrir,26826,136,1,pl,pl,1,0,24,18
5,stat_low,13,127,27272,est généreuse,13912,127,1,pl,sg,0,0,24,18
5,stat_high,23,45,16041,aime son boulot,36718,45,1,sg,sg,1,0,24,18
5,stat_low,17,104,9107,prône le pacifisme,13254,104,1,sg,sg,1,0,24,18
5,percep_high,22,-1,10420,n'avait que faire de ses employés,30018,-1,1,sg,sg,1,0,24,18
5,stat_high,3,3,11167,est tyrannique,10076,13,0,pl,sg,0,0,24,18
5,stat_low,1,129,16418,font tout pour l'acquitter,21135,129,1,pl,pl,1,0,24,18
5,percep_low,4,80,9982,aime être avec elle,14078,80,1,pl,sg,0,1,24,18
5,percep_low,20,86,8055,aidait les nouveaux,23981,86,1,sg,sg,1,1,24,18
5,percep_low,12,93,20570,avait un comportement bizarre,21185,93,1,sg,sg,1,1,24,18
5,percep_high,2,7,7051,sont super sympas,12644,17,0,pl,pl,1,1,24,18
5,percep_high,14,36,19791,comptait les billets,13842,36,1,sg,sg,1,1,24,18
5,stat_high,7,24,29598,étaient endiablés,31737,34,0,pl,pl,1,1,24,18
5,percep_high,26,63,15035,est assez spécial,24738,63,1,sg,sg,1,1,24,18
5,stat_high,11,3,23105,a sauvé plusieurs vies,12399,3,1,sg,sg,1,1,24,18
5,stat_low,25,94,11694,sont assez froids,17885,94,1,pl,pl,1,1,24,18
5,stat_low,21,151,30932,sont surchargés de travail,15209,151,1,pl,pl,1,1,24,18
5,percep_high,10,0,34925,bien habillé,14786,0,1,sg,sg,1,1,24,18
5,percep_low,24,139,29491,dormait,15740,139,1,sg,sg,1,1,24,18
5,stat_high,19,46,18068,étaient feignants,13299,46,1,pl,pl,1,1,24,18
5,percep_high,18,9,26289,parlaient sur son dos,13511,9,1,pl,pl,1,1,24,18
6,percep_high,28,86,7551,ne s'en est pas aperçu.,38076,64,0,sg,sg,1,0,24,19
6,percep_high,18,9,18663,ne se rase jamais.,10054,9,1,pl,sg,0,0,24,19
6,percep_low,12,93,17952,mémorise mal les prénoms.,21249,93,1,sg,sg,1,0,24,19
6,percep_high,22,- 1,11900,travaillent dans la salle 318.,35179,-1,0,sg,pl,0,0,24,19
6,percep_high,26,63,12794,ont enregistré cette chanson.,23883,63,1,sg,pl,0,0,24,19
6,percep_low,24,139,19641,était en train de m'épier,42781,139,1,sg,sg,1,0,24,19
6,stat_low,25,94,9026,sont pourtant très peu sociables.,45405,94,1,pl,pl,1,0,24,19
6,percep_high,14,36,12072,se sont fait connaïtre à  ce moment-là ,28135,36,1,sg,pl,0,0,24,19
6,percep_low,20,86,9233,donnait ses instructions,27470,86,1,sg,sg,1,0,24,19
6,stat_low,21,83,7531,par la suite a été poursuivi en justice pour détournement d'argent,28218,151,0,pl,sg,0,0,24,19
6,stat_high,23,45,8552,l'ont le plus impressioné lors de ce casting,28173,45,1,sg,pl,0,0,24,19
6,stat_high,7,34,8181,était bègue lorsqu'il était petit,23575,34,1,pl,sg,0,0,24,19
6,percep_low,16,93,10452,lui sont décrits avec beaucoup de compassion pour son métier difficile,65529,93,1,sg,pl,0,0,24,19
6,stat_low,9,99,10374,sont toujours en retard,25253,153,0,sg,pl,0,0,24,19
6,percep_high,6,-22,28304,manigancaient quelquechose de louche,31227,-22,1,pl,pl,1,1,24,19
6,stat_low,1,129,12942,incarne ce personnage au cinéma,31663,129,1,pl,sg,0,1,24,19
6,stat_high,19,46,9481,se sentait dépassé par la situation,30233,46,1,pl,sg,0,1,24,19
6,stat_low,13,127,12673,"étaient assis au premier rang, à  droite",25016,127,1,pl,pl,1,1,24,19
6,percep_low,4,80,5915,était le plus en vogue à  l'époque,63805,80,1,pl,sg,0,1,24,19
6,stat_low,5,136,36417,a eu un cancer l'année dernière,18297,136,1,pl,sg,0,1,24,19
6,stat_high,11,3,13881,sont revenus mutilés,12375,3,1,sg,pl,0,1,24,19
6,percep_high,2,17,9389,s'est cassé la semaine dernière,28670,17,1,pl,sg,0,1,24,19
6,stat_high,15,76,12474,a remporté ce prix en 2018,22728,76,1,pl,sg,0,1,24,19
6,stat_high,3,13,9476,est interviewé par ce journaliste,37886,13,1,pl,sg,0,1,24,19
6,percep_low,8,142,9742,l'avaient invité à  assister au cours de linguistique générale,113483,142,1,sg,pl,0,1,24,19
6,percep_high,27,75,6420,l'ont connue,28378,75,1,sg,pl,0,1,24,19
6,percep_high,10,0,14298,ne portait pourtant que des couleurs sombres,40966,0,1,sg,sg,1,1,24,19
6,stat_low,17,104,5853,étaient dans la rue ce matin,22234,104,1,sg,pl,0,1,24,19
7,percep_high,22,-1,9107,piratait le réseau,31270,-1,1,sg,sg,1,0,23,18
7,percep_high,2,17,13450,parlaient de leurs vacances,44210,17,1,pl,pl,1,0,23,18
7,percep_high,28,86,6172,était tout devant,32317,64,0,sg,sg,1,0,23,18
7,stat_high,15,76,8798,se chamaillaient,21841,76,1,pl,pl,1,0,23,18
7,stat_low,13,127,24604,a un peu bu de l'alcool,52012,127,1,pl,sg,0,0,23,18
7,stat_low,21,151,21668,faisait semblant de travailler,19539,151,1,pl,sg,0,0,23,18
7,stat_low,9,156,30948,traïnent près de l'université le soir,28744,153,0,sg,pl,0,0,23,18
7,stat_high,3,13,8121,est toujours à  l'étranger,41757,13,1,pl,sg,0,0,23,18
7,percep_high,10,0,9465,a fait du bon travail,20140,0,1,sg,sg,1,0,23,18
7,stat_high,7,34,12669,fait rêver toutes les jeunes filles,19944,34,1,pl,sg,0,0,23,18
7,stat_high,23,45,17463,règnent sur Hollywood,21391,45,1,sg,pl,0,0,23,18
7,percep_high,18,19,54285,fait du bruit,16859,9,0,pl,sg,0,0,23,18
7,percep_low,16,93,14654,ne font aucun effort,27818,93,1,sg,pl,0,0,23,18
7,percep_high,27,75,20104,vont souvent faire le tour du monde,21448,75,1,sg,pl,0,0,23,18
7,percep_low,24,43,17114,fleurtait avec son mari,25208,139,0,sg,sg,1,1,23,18
7,percep_low,20,86,10357,n'obéissent pas aux ordres,29521,86,1,sg,pl,0,1,23,18
7,stat_high,11,-10,11038,sont partis à  la Seconde Guerre mondiale,34653,3,0,sg,pl,0,1,23,18
7,percep_high,26,63,10226,font rêver le monde entier,15934,63,1,sg,pl,0,1,23,18
7,percep_low,8,142,19744,s'investissent énormément,15934,142,1,sg,pl,0,1,23,18
7,stat_low,17,104,5218,sont très investis pour le climat,43030,104,1,sg,pl,0,1,23,18
7,stat_low,5,136,27269,est anorexique,16819,136,1,pl,sg,0,1,23,18
7,percep_low,4,80,6708,refuse de parler devant les caméras,16216,80,1,pl,sg,0,1,23,18
7,percep_low,12,93,9033,sont superficielles,13106,93,1,sg,pl,0,1,23,18
7,percep_high,14,36,16858,gagnent des milliards d'euros,23989,36,1,sg,pl,0,1,23,18
7,stat_high,19,46,15675,parlent mal de lui dans son dos,24485,46,1,pl,pl,1,1,23,18
7,stat_low,1,129,7109,a violé des femmes,16584,129,1,pl,sg,0,1,23,18
7,stat_low,25,94,5495,sont malveillants,50799,94,1,pl,pl,1,1,23,18
7,percep_high,6,-22,13323,veut lançer une bombe nucléaire aux Etats-Unis,24991,-22,1,pl,sg,0,1,23,18
8,percep_high,14,36,43985,faisait du violon,16804,36,1,sg,sg,1,0,18,18
8,percep_low,24,43,94220,faisait du jardinage,16838,139,0,sg,sg,1,0,18,18
8,stat_low,9,9,16778,ne vennaient plus en cours.,26015,153,0,sg,pl,0,0,18,18
8,percep_high,6,-33,93588,effrayait le public,18223,-22,0,pl,sg,0,0,18,18
8,percep_low,20,86,11953,arrangeait les cables,24218,86,1,sg,sg,1,0,18,18
8,stat_high,11,3,29743,s'occupait des brà»lures,20442,3,1,sg,sg,1,0,18,18
8,percep_low,12,103,20631,sifflait tout le temps,20761,93,0,sg,sg,1,0,18,18
8,stat_high,19,46,24649,l'exigeait,40930,46,1,pl,sg,0,0,18,18
8,percep_high,10,0,20306,est hautain,22101,0,1,sg,sg,1,0,18,18
8,stat_high,3,13,11568,les paient très mal,34944,13,1,pl,pl,1,0,18,18
8,percep_low,8,160,31242,parle dans un micro,16087,142,0,sg,sg,1,0,18,18
8,percep_high,22,-1,8942,paraissait louche,13515,-1,1,sg,sg,1,0,18,18
8,percep_high,2,17,19050,marche vite,45497,17,1,pl,sg,0,0,18,18
8,percep_high,18,9,37069,rigolent fort,11747,9,1,pl,pl,1,0,18,18
8,stat_low,13,15,56597,lui ont proposé,17126,127,0,pl,pl,1,1,18,18
8,percep_low,16,93,29459,tombait de l'estrade,17619,93,1,sg,sg,1,1,18,18
8,stat_low,1,129,24594,est suspecté de détournement d'argent,21053,129,1,pl,sg,0,1,18,18
8,percep_high,27,75,9646,a parcouru le monde ,13273,75,1,sg,sg,1,1,18,18
8,stat_high,23,45,16328,deviennent de plus en plus connus,17970,45,1,sg,pl,0,1,18,18
8,percep_low,4,80,8266,vient de marcher sur le tapis rouge,16566,80,1,pl,sg,0,1,18,18
8,stat_low,17,104,17923,était âgé ,20357,104,1,sg,sg,1,1,18,18
8,stat_high,15,76,24866,veulent faire du piano,19660,76,1,pl,pl,1,1,18,18
8,stat_low,5,134,22236,est très fine,15638,136,0,pl,sg,0,1,18,18
8,percep_high,26,63,55492,rencontrent un grand succès,27122,63,1,sg,pl,0,1,18,18
8,stat_high,7,34,20996,fait du jazz,10881,34,1,pl,sg,0,1,18,18
8,stat_low,21,121,44522,ont mentit,12044,151,0,pl,pl,1,1,18,18
8,stat_low,25,92,23378,sont encore jeunes,16364,94,0,pl,pl,1,1,18,18
8,percep_high,28,86,10523,a fait le tour de France,15205,64,0,sg,sg,1,1,18,18
9,stat_low,9,162,36779,n'a jamais fait d'études,16195,153,0,sg,sg,1,0,18,22
9,stat_low,21,151,61919,les sous-payait,12880,151,1,pl,sg,0,0,18,22
9,stat_high,11,3,61235,jamais ne reviendraient,24100,3,1,sg,pl,0,0,18,22
9,stat_high,3,13,40638,les engageait,15572,13,1,pl,sg,0,0,18,22
9,percep_high,18,29,24602,les avait espionnées,43802,9,0,pl,sg,0,0,18,22
9,stat_high,23,45,39884,ne savaient pas leur texte,31019,45,1,sg,pl,0,0,18,22
9,percep_low,24,137,52261,connaissait tout le monde,17138,139,0,sg,sg,1,0,18,22
9,stat_low,13,135,24857,ont préparé toute la cérémonie,29328,127,0,pl,pl,1,0,18,22
9,percep_low,4,80,11051,a joué dans le dernier Tarantino,21091,80,1,pl,sg,0,0,18,22
9,percep_high,10,0,56672,n'avait pas démérité,17338,0,1,sg,sg,1,0,18,22
9,stat_low,17,104,8817,se pavanait,22602,104,1,sg,sg,1,0,18,22
9,percep_high,14,36,70401,jouaient pour l'Orchestre de Paris,19306,36,1,sg,pl,0,0,18,22
9,stat_high,7,34,28019,avait fait 5 ans de prison,53156,34,1,pl,sg,0,0,18,22
9,stat_low,1,169,11185,a fait scandale,11811,129,0,pl,sg,0,0,18,22
9,percep_low,20,86,7194,travaillaient au dernier modèle de chez Renaut,22755,86,1,sg,pl,0,1,18,22
9,stat_low,25,96,7461,la vannaient tout le temps,19364,94,0,pl,pl,1,1,18,22
9,percep_high,27,75,19995,ont pourchassé Moby Dick,20860,75,1,sg,pl,0,1,18,22
9,percep_high,6,-32,42181,a sévi au Népal,27130,-22,0,pl,sg,0,1,18,22
9,percep_low,8,142,23820,leur fait cours,15596,142,1,sg,sg,1,1,18,22
9,stat_low,5,136,25780,se lamentait,26755,136,1,pl,sg,0,1,18,22
9,percep_high,28,86,7594,ont concourru aux JO,15051,64,0,sg,pl,0,1,18,22
9,percep_high,22,7,9740,travaillent pour Interpol,24699,-1,0,sg,pl,0,1,18,22
9,percep_high,26,67,13450,ont gagné la faveur populaire,26483,63,0,sg,pl,0,1,18,22
9,percep_low,16,93,21988,les molestait,7075,93,1,sg,sg,1,1,18,22
9,stat_high,15,76,16595,et parti en tournée,16212,76,1,pl,sg,0,1,18,22
9,percep_high,2,17,16499,a battu le record du monde,27964,17,1,pl,sg,0,1,18,22
9,stat_high,19,46,16628,l'a viré,14538,46,1,pl,sg,0,1,18,22
9,percep_low,12,93,23036,s'entraïnaient tous les jeudis,46132,93,1,sg,pl,0,1,18,22
10,stat_high,7,9,51486,joue de la guitare,34145,34,0,pl,sg,0,0,1,19
10,stat_low,5,20,34494,défile,19173,136,0,pl,sg,0,0,1,19
10,stat_high,15,89.5,23123,sont au collège,37633,76,0,pl,pl,1,0,1,19
10,stat_high,3,94,8942,arrosait ses plantes,15476,13,0,pl,sg,0,0,1,19
10,percep_high,14,33,41023,jouaient sur scène,26044,36,0,sg,pl,0,0,1,19
10,percep_low,4,21,18465,préparaient sa tenue,26130,80,0,pl,pl,1,0,1,19
10,stat_high,11,77.5,20000,les soignait,17065,3,0,sg,sg,1,0,1,19
10,percep_high,18,91.3,40773,jouaient dans le jardin,16396,9,0,pl,pl,1,0,1,19
10,percep_high,22,85,32241,piratait les données,19659,-1,0,sg,sg,1,0,1,19
10,stat_low,17,22,14838,était en colère,11498,104,0,sg,sg,1,0,1,19
10,percep_low,24,92,20735,fumait,7337,139,0,sg,sg,1,0,1,19
10,stat_low,25,15,16078,dormait,8238,94,0,pl,sg,0,0,1,19
10,percep_high,10,81,9175,entrait dans le bureau,17549,0,0,sg,sg,1,0,1,19
10,percep_high,28,86,26830,participait au tour de France,24846,64,0,sg,sg,1,0,1,19
10,stat_low,13,72.5,18953,habitait proche du lieu de récéption,28306,127,0,pl,sg,0,1,1,19
10,percep_high,6,12,10309,proféraient des injures,18891,-22,0,pl,pl,1,1,1,19
10,stat_low,1,92,11223,était jugé,14677,129,0,pl,sg,0,1,1,19
10,percep_low,12,83.5,15039,préparait la chorégraphie,17215,93,0,sg,sg,1,1,1,19
10,stat_low,21,88,37921,ont été élus,19344,151,0,pl,pl,1,1,1,19
10,percep_low,16,82,15345,était en colère,9148,93,0,sg,sg,1,1,1,19
10,stat_low,9,82,6564,etait venu se présenter,23946,153,0,sg,sg,1,1,1,19
10,percep_high,2,97,12415,se prépare pour la course,10967,17,0,pl,sg,0,1,1,19
10,percep_low,20,78.5,11028,installent le matériel,9677,86,0,sg,pl,0,1,1,19
10,percep_low,8,80,8700,faisait son cours,10686,142,0,sg,sg,1,1,1,19
10,stat_high,19,87,8406,avaient besoin d'aide,14060,46,0,pl,pl,1,1,1,19
10,percep_high,27,75,9268,navigue sur l'océan,19365,75,1,sg,sg,1,1,1,19
10,stat_high,23,85,7806,s'est révélé très éfficace,17802,45,0,sg,sg,1,1,1,19
10,percep_high,26,82.5,19466,est gentil,22192,63,0,sg,sg,1,1,1,19
11,percep_low,8,79,61779,racontait son expérience,25643,142,0,sg,sg,1,0,1,66
11,percep_high,2,801,37684,avait gagné,11172,17,0,pl,sg,0,0,1,66
11,stat_low,25,352,27355,le charriaient,38329,94,0,pl,sg,0,0,1,66
11,stat_low,17,480,17067,donnait le ton,20154,104,0,sg,sg,1,0,1,66
11,percep_low,12,693,32744,était le plus dynamique,17378,93,0,sg,sg,1,0,1,66
11,percep_low,20,390,29627,donnait des ordres,14035,86,0,sg,sg,1,0,1,66
11,percep_high,27,75,20140,lui parlait de la mer,19521,75,1,sg,sg,1,0,1,66
11,stat_high,23,312,31323,lui semblait compétent,15027,45,0,sg,sg,1,0,1,66
11,percep_high,26,152,20162,négocait les contrats,28980,63,0,sg,sg,1,0,1,66
11,stat_high,19,316,32411,étaient les plus performants,24362,46,0,pl,pl,1,0,1,66
11,percep_high,10,504,25962,avait le plus d'entregant,34493,0,0,sg,sg,1,0,1,66
11,percep_high,6,664,24026,hurlaient,10264,-22,0,pl,pl,1,0,1,66
11,percep_high,14,210,15571,parlait fort et gesticulait,31908,36,0,sg,sg,1,0,1,66
11,percep_low,16,336,16500,donnait ses cours,27585,93,0,sg,sg,1,0,1,66
11,stat_low,21,760,32035,établissaient les comptes,34099,151,0,pl,pl,1,1,1,66
11,percep_high,28,486,14411,souriait en recevant sa médaille,29739,64,0,sg,sg,1,1,1,66
11,stat_low,13,553,35052,l'avait invité,46107,127,0,pl,sg,0,1,1,66
11,percep_high,22,608,31069,faisait mal son boulot,34469,-1,0,sg,sg,1,1,1,66
11,stat_low,1,485,27739,avait commis une faute,20789,129,0,pl,sg,0,1,1,66
11,stat_high,7,545,36179,hypnotisait la foule,32044,34,0,pl,sg,0,1,1,66
11,stat_low,5,500,21659,souffrait d'anorexie,26196,136,0,pl,sg,0,1,1,66
11,stat_high,11,408,39654,sauvait des vies,12756,3,0,sg,sg,1,1,1,66
11,stat_high,3,765,41780,demandait beaucoup de variétés et de couleurs pour ses jardins,56388,13,0,pl,sg,0,1,1,66
11,stat_low,9,720,22316,étaient les moins brillants,36227,153,0,sg,pl,0,1,1,66
11,percep_low,24,594,31841,volait une pomme,16372,139,0,sg,sg,1,1,1,66
11,percep_high,18,474,27396,dansaient dans leur chambre,19435,9,0,pl,pl,1,1,1,66
11,percep_low,4,264,27530,était au défilé de mode à  Paris,36157,80,0,pl,sg,0,1,1,66
11,stat_high,15,170,21676,était au concert à  l'opéra,23075,76,0,pl,sg,0,1,1,66
12,percep_high,6,-22,37528,harengait la foule,15173,-22,1,pl,sg,0,0,27,34
12,stat_high,15,76,9526,étaient bruyants,14237,76,1,pl,pl,1,0,27,34
12,stat_low,17,104,7480,était communiste,12281,104,1,sg,sg,1,0,27,34
12,percep_low,24,139,29240,recevait un pot-de-vin,13570,139,1,sg,sg,1,0,27,34
12,stat_high,11,3,20505,avait reçu une médaille,25123,3,1,sg,sg,1,0,27,34
12,percep_high,22,-1,14914,était soupçonné d'espionnage,12885,-1,1,sg,sg,1,0,27,34
12,percep_low,20,86,9985,contrôlait le travail de ses subalternes,27340,86,1,sg,sg,1,0,27,34
12,stat_low,1,129,15987,défendaient sa cause,20043,129,1,pl,pl,1,0,27,34
12,stat_high,23,45,11915,s'était fait licencier de sa précédente agence,23587,45,1,sg,sg,1,0,27,34
12,stat_high,3,13,8171,lui ont donné des informations sur sa vie privée,22612,13,1,pl,pl,1,0,27,34
12,stat_low,5,136,12451,avait eu un cancer,20310,136,1,pl,sg,0,0,27,34
12,stat_high,19,46,8883,devait les emmener aux Etats-Unis,43226,46,1,pl,sg,0,0,27,34
12,stat_high,7,34,8979,étaient saouls,17075,34,1,pl,pl,1,0,27,34
12,percep_high,14,36,16416,savourait le succès de ses protégés,27085,36,1,sg,sg,1,0,27,34
12,percep_high,28,86,10531,grimpait la côte,10016,64,0,sg,sg,1,1,27,34
12,stat_low,25,94,10834,était dans une autre pièce,28898,94,1,pl,sg,0,1,27,34
12,stat_low,13,127,26492,avaient loué un AirBnB à  côté de la salle de réception,25870,127,1,pl,pl,1,1,27,34
12,percep_high,26,63,10500,négociait leurs royalties,16450,63,1,sg,sg,1,1,27,34
12,stat_low,9,153,23243,n'avait pas amené de pique-nique,30237,153,1,sg,sg,1,1,27,34
12,percep_low,12,93,10338,les photographiait à  leur insu,23570,93,1,sg,sg,1,1,27,34
12,percep_high,2,17,8662,racontaient comment il s'était préparé à  la course,27813,17,1,pl,pl,1,1,27,34
12,percep_high,10,0,11954,parlait à  la tribune,17454,0,1,sg,sg,1,1,27,34
12,percep_low,16,93,11802,lisait une histoire,17008,93,1,sg,sg,1,1,27,34
12,percep_high,27,75,7128,avait fait 17 fois le tour du monde,17155,75,1,sg,sg,1,1,27,34
12,percep_low,8,142,20379,faisait une conférence,11251,142,1,sg,sg,1,1,27,34
12,stat_low,21,151,28727,avaient falsifié les comptes,24253,151,1,pl,pl,1,1,27,34
12,percep_high,18,9,17272,jouaient à  l'élastique,11936,9,1,pl,pl,1,1,27,34
12,percep_low,4,80,7005,prenaient des mesures pour la robe qu'elle porterait à  Cannes,23636,80,1,pl,pl,1,1,27,34
13,stat_low,3,175,39916,sont doués,21819,165,0,pl,pl,1,0,17,22
13,percep_low,22,92,32931,était soupçonné de collecter les données illégalement,27443,94,0,sg,sg,1,0,17,22
13,percep_high,27,89,14634,avait une longue expérience de la mer ,26107,75,0,sg,sg,1,0,17,22
13,stat_high,5,22,113367,lui avaient été recommandés.,30795,22,1,pl,pl,1,0,17,22
13,percep_high,8,52,54329,'il avait rencontré lors des portes ouvertes.,47979,-48,0,sg,sg,1,0,17,22
13,stat_low,7,22,35025,l'aclamaient.,36348,152,0,pl,pl,1,0,17,22
13,percep_high,20,50,17034,ne se doutait de rien,23697,50,1,sg,sg,1,0,17,22
13,percep_low,18,56,24403,chantaient,16171,114,0,pl,pl,1,0,17,22
13,percep_low,10,112,25795,n'était pas très aimé dans l'entreprise,41368,112,1,sg,sg,1,0,17,22
13,percep_low,26,94,14724,ne savait pas chanter,19730,94,1,sg,sg,1,0,17,22
13,stat_low,23,98,17812,a négocié son salaire,29115,98,1,sg,sg,1,0,17,22
13,percep_low,14,106,36747,lui en a fait la remarque après,44804,106,1,sg,sg,1,0,17,22
13,stat_low,11,117,29994,l'aimait,29515,117,1,sg,sg,1,0,17,22
13,percep_high,4,71,11563,se prétendaient pour des célébrités,42276,68,0,pl,pl,1,0,17,22
13,percep_low,6,164,23676,lui étaient en réalité dévoués,41652,164,1,pl,pl,1,1,17,22
13,stat_low,15,119,42979,l'aimaient beaucoup,13795,109,0,pl,pl,1,1,17,22
13,stat_high,17,68,15098,criaient dans la rue,30355,68,1,sg,pl,0,1,17,22
13,percep_high,16,42,26297,lui apprendrait à  enseigner,28147,42,1,sg,sg,1,1,17,22
13,stat_high,25,65,18355,en redemandaient,21298,69,0,pl,pl,1,1,17,22
13,stat_high,9,-54,67236,était ravi d'avoir de nouveaux membres dans son église,50413,-54,1,sg,sg,1,1,17,22
13,stat_high,1,29,39948,prétendaient défendre le meilleur intérêt de leurs clients,42364,29,1,pl,pl,1,1,17,22
13,stat_high,21,31,59906,adoraient leurs métiers,17354,-19,0,pl,pl,1,1,17,22
13,percep_low,2,109,13427,ont battu leurs records,25559,109,1,pl,pl,1,1,17,22
13,stat_low,19,99,10771,ne voulaient pas être entraïnés,26700,99,1,pl,pl,1,1,17,22
13,percep_high,24,18,28187,était complètement bourré en bas de chez lui,21361,18,1,sg,sg,1,1,17,22
13,percep_high,28,64,24628,ne voulait pas être regardé durant l'effort,26052,64,1,sg,sg,1,1,17,22
13,percep_high,12,1,13300,s'est fait viré l'année dernière,25739,1,1,sg,sg,1,1,17,22
13,stat_high,13,-6,30587,ont été obligé de l'accepter,25227,-39,0,pl,pl,1,1,17,22
14,stat_high,25,336,53199,s'embetaient copieusement,20091,69,0,pl,pl,1,0,0,60
14,percep_high,16,312,19060,eternuait au milieu du cours de français,28496,42,0,sg,sg,1,0,0,60
14,percep_low,10,574,32052,ira témoigner au tribunal,29310,112,0,sg,sg,1,0,0,60
14,percep_low,14,254,19745,s'occupe de son nouvel  album,38559,106,0,sg,sg,1,0,0,60
14,percep_low,2,837,21081,lui offriront un joli cadeau,26080,109,0,pl,pl,1,0,0,60
14,percep_high,8,648,25086,ont plusieurs revendications,25303,-48,0,sg,pl,0,0,0,60
14,stat_low,15,202,25857,lui fait une cour effrénée,21086,109,0,pl,sg,0,0,0,60
14,percep_high,24,498,48575,se cachait derriere un arbre,23414,18,0,sg,sg,1,0,0,60
14,stat_low,3,909,58354,lui decrivent la fabuleuse maison de leur patron,46644,165,0,pl,pl,1,0,0,60
14,percep_high,12,657,32449,va entrainer les filles,35128,1,0,sg,sg,1,0,0,60
14,stat_high,1,405,19018,est accusé de viol sur Marie,22424,29,0,pl,sg,0,0,0,60
14,percep_low,18,534,65097,leur avait apporté de jolies fleurs,32992,114,0,pl,sg,0,0,0,60
14,stat_low,7,728,36015,l'avait fait monter sur scène,28479,152,0,pl,sg,0,0,0,60
14,percep_low,26,176,16745,se produiront ce soir a l'Olympia,24460,94,0,sg,pl,0,0,0,60
14,percep_high,20,370,29835,se prenait tres au sérieux,24187,50,0,sg,sg,1,1,0,60
14,stat_high,13,441,20272,leur offraient l'hospitalité,41144,-39,0,pl,pl,1,1,0,60
14,percep_low,22,640,11140,avait provoqué une panne,27322,94,0,sg,sg,1,1,0,60
14,stat_high,21,632,28978,etaient des hommes vereux,21578,-19,0,pl,pl,1,1,0,60
14,percep_high,27,89,9516,avaient sauvé sa petite soeur,31836,75,0,sg,pl,0,1,0,60
14,stat_high,17,460,16610,hurlait dans son mégaphone,39242,68,0,sg,sg,1,1,0,60
14,stat_low,23,344,19136,lui avait volé de l'argent,25417,98,0,sg,sg,1,1,0,60
14,stat_low,11,492,31086,ont été gravement blessés,76549,117,0,sg,pl,0,1,0,60
14,percep_low,6,808,19689,hurlait comme un ane,28678,164,0,pl,sg,0,1,0,60
14,percep_high,28,474,23829,faisait le fanfaron sur l'estrade,27409,64,0,sg,sg,1,1,0,60
14,percep_high,4,228,20126,défilait sur le podium,22463,68,0,pl,sg,0,1,0,60
14,stat_high,9,576,32377,"lui, n'avait rien demandé",28919,-54,0,sg,sg,1,1,0,60
14,stat_high,5,410,20986,s'etait evanouie sur le podium,34833,22,0,pl,sg,0,1,0,60
14,stat_low,19,348,26293,voulaient jouer au football,25158,99,0,pl,pl,1,1,0,60
15,percep_high,24,89,56267,téléphonait à  sa vieille amie ,63308,18,0,sg,sg,1,0,0,62
15,stat_high,25,336,50735,sont partis à  regret ,30951,69,0,pl,pl,1,0,0,62
15,stat_high,21,632,55065,se mettaient plein les poches ,34250,-19,0,pl,pl,1,0,0,62
15,stat_high,5,410,41315,devait etre autopsié ,37550,22,0,pl,sg,0,0,0,62
15,percep_high,12,157,105479,avait quelques remontrances à  leur faire ,56853,1,0,sg,sg,1,0,0,62
15,percep_low,18,504,148384,sortaient déguisées en call girls ,37638,114,0,pl,pl,1,0,0,62
15,stat_low,7,798,60346,lui avaient réservé une belle surprise ,36983,152,0,pl,pl,1,0,0,62
15,percep_high,27,89,14837,n avait rien à  envier à  OLivier De Kersauson ,45972,75,0,sg,sg,1,0,0,62
15,stat_low,19,366,47254,cherchaient un bon restaurant loin du bureau ,39519,99,0,pl,pl,1,0,0,62
15,stat_low,15,170,19602,sont nés déjà  bien talentueux ,30489,109,0,pl,pl,1,0,0,62
15,stat_high,13,511,41832,avaient loué un hotel tout près de la salle de mariage ,40054,-39,0,pl,pl,1,0,0,62
15,percep_low,22,608,46261,gardait secrètement le mot de passe de tous les ordinateurs ,52953,94,0,sg,sg,1,0,0,62
15,stat_low,11,744,58990,étaient bien mutilés ,20813,117,0,sg,pl,0,0,0,62
15,percep_low,10,504,51427,ne faisaient jamais grève ,31902,112,0,sg,pl,0,0,0,62
15,percep_high,8,508,40741,décident de ne plus assister au cours ,41077,-48,0,sg,pl,0,1,0,62
15,stat_low,3,909,64356,avaient bien des idées de décor pour son parterre de roses ,50261,165,0,pl,pl,1,1,0,62
15,percep_low,14,254,65530,leur a promis un beau tour de chant ,38184,106,0,sg,sg,1,1,0,62
15,percep_high,16,312,41099,etait porté sur l intégrisme ,56808,42,0,sg,sg,1,1,0,62
15,stat_high,17,460,41909,avait fabriqué une pancarte qui résumait bien leur cause ,42023,68,0,sg,sg,1,1,0,62
15,percep_high,28,594,58215,lui rappellait bien un jeune homme qu elle a connu dans sa jeunesse ,37429,64,0,sg,sg,1,1,0,62
15,stat_low,23,344,44619,se contentait de peu ,30456,98,0,sg,sg,1,1,0,62
15,stat_high,9,864,36088,est arrivé de très loin sans avoir diné ,35696,-54,0,sg,sg,1,1,0,62
15,percep_high,20,370,36049,ne se souciaient point de ses conseils ,37739,50,0,sg,pl,0,1,0,62
15,stat_high,1,405,33352,était accusé de viol ,54775,29,0,pl,sg,0,1,0,62
15,percep_low,6,818,42853,disaient du mal de celui qui les torture mentalement ,45939,164,0,pl,pl,1,1,0,62
15,percep_high,4,228,41705,se prenait pour une immortelle ,38194,68,0,pl,sg,0,1,0,62
15,percep_low,2,837,36932,voulaient participer au marathon de New York ,34447,109,0,pl,pl,1,1,0,62
15,percep_low,26,542,31749,lui demandait une grosse somme d argent ,24593,94,0,sg,sg,1,1,0,62
16,stat_high,25,21,35002,rigolent,11414,69,0,pl,pl,1,0,0,35
16,percep_high,20,370,36434,l'impressionne,9721,50,0,sg,sg,1,0,0,35
16,stat_high,13,580,49644,l'ont gentiment accueilli,10990,-39,0,pl,pl,1,0,0,35
16,percep_low,6,808,35915,l'ont effrayé,9882,164,0,pl,pl,1,0,0,35
16,percep_low,22,660,51748,insere des virus dans les ordinateurs,23594,94,0,sg,sg,1,0,0,35
16,stat_low,11,492,35751,l'aime tant,9492,117,0,sg,sg,1,0,0,35
16,percep_high,24,591,15442,mange des bonbons en cachette,9611,18,0,sg,sg,1,0,0,35
16,percep_high,16,336,12805,leur chantait des jolies comptines,14215,42,0,sg,sg,1,0,0,35
16,stat_low,15,202,10136,savent déjà  jouer du piano et de la guitare,10341,109,0,pl,pl,1,0,0,35
16,percep_low,14,264,22477,lui a offert un gâteau au chocolat,15732,106,0,sg,sg,1,0,0,35
16,stat_low,3,909,7285,apprécient sa générosité,13442,165,0,pl,pl,1,0,0,35
16,percep_low,26,176,14872,lui offre un poste de stagiaire,11191,94,0,sg,sg,1,0,0,35
16,percep_low,18,532,38364,se chamaillaient dans la cour,12551,114,0,pl,pl,1,0,0,35
16,percep_high,8,838,39317,partait dans de très longs monologues,15988,-48,0,sg,sg,1,0,0,35
16,percep_low,10,578,31383,va animer la réunion,18290,112,0,sg,sg,1,1,0,35
16,stat_high,1,408,14709,lui réclament une forte somme,20615,29,0,pl,pl,1,1,0,35
16,stat_high,5,416,17244,lui expliquent la procedure à  suivre,9706,22,0,pl,pl,1,1,0,35
16,percep_high,12,841,22751,travaille extrement bien,8955,1,0,sg,sg,1,1,0,35
16,stat_low,7,728,19951,adorent son dernier album,10438,152,0,pl,pl,1,1,0,35
16,stat_high,9,574,17846,l'a beaucoup ému,10154,-54,0,sg,sg,1,1,0,35
16,percep_high,4,252,33256,voudraient récuperer les images,13076,68,0,pl,pl,1,1,0,35
16,percep_high,27,89,10020,lui a tout appris,7374,75,0,sg,sg,1,1,0,35
16,percep_high,28,472,30599,lui plaït enormement,23753,64,0,sg,sg,1,1,0,35
16,percep_low,2,837,32935,lui ont tenu compagnie,9797,109,0,pl,pl,1,1,0,35
16,stat_low,19,376,26928,sont une excellent équipe,9387,99,0,pl,pl,1,1,0,35
16,stat_low,23,368,17811,fourni un travail de qualité,8429,98,0,sg,sg,1,1,0,35
16,stat_high,21,632,27233,lui ont offert un joli poste,10581,-19,0,pl,pl,1,1,0,35
16,stat_high,17,460,16893,lui a inspiré beaucoup d'humanité,10690,68,0,sg,sg,1,1,0,35
17,percep_low,18,44,36563,approchaient.,22956,114,0,pl,pl,1,0,14,49
17,stat_high,25,69,13639,étaient présent.,26720,69,1,pl,pl,1,0,14,49
17,percep_high,8,48,69736,parlait.,20375,-48,0,sg,sg,1,0,14,49
17,stat_low,15,77,45066,leur apprenait la musique.,47864,109,0,pl,sg,0,0,14,49
17,percep_low,10,112,62445,les avait défendus.,79146,112,1,sg,sg,1,0,14,49
17,stat_high,1,29,38974,était accusé d'avoir mal joué.,28505,29,1,pl,sg,0,0,14,49
17,stat_high,9,34,74061,avaient suivis ses cours.,36337,-54,0,sg,pl,0,0,14,49
17,percep_high,16,42,64604,étudieront au sein de l'établissement cette année.,95563,42,1,sg,pl,0,0,14,49
17,percep_high,27,89,61813,avaient fait la traversée.,29965,75,0,sg,pl,0,0,14,49
17,percep_low,26,94,41194,vont se produire à  Paris ce week-end.,63551,94,1,sg,pl,0,0,14,49
17,stat_low,23,98,28983,a tant fait parler de lui dernièrement.,75273,98,1,sg,sg,1,0,14,49
17,stat_high,21,1,110050,était en poste lors de la dernière administration.,35169,-19,0,pl,sg,0,0,14,49
17,stat_low,19,71,29111,a signé le contrat avec notre entreprise.,45150,99,0,pl,sg,0,0,14,49
17,stat_low,11,127,68904,vient de rencontrer sa maman.,40518,117,0,sg,sg,1,0,14,49
17,percep_low,2,109,42970,a remporté toutes les médailles d'or.,36373,109,1,pl,sg,0,1,14,49
17,percep_high,28,64,50253,vient de passer devant elle.,20398,64,1,sg,sg,1,1,14,49
17,stat_low,7,152,80573,se dandinaient comme des fous lors du concert.,50933,152,1,pl,pl,1,1,14,49
17,stat_high,5,32,43370,apparaït sur toutes les vitrines des magasins. ,75869,22,0,pl,sg,0,1,14,49
17,percep_high,12,1,11217,a remporté le tournoi.,82796,1,1,sg,sg,1,1,14,49
17,percep_high,4,68,18544,monte.,16325,68,1,pl,sg,0,1,14,49
17,percep_low,6,173,50915,menace la paix.,27899,164,0,pl,sg,0,1,14,49
17,percep_low,14,106,42725,vont se produire sous peu.,36813,106,1,sg,sg,1,1,14,49
17,percep_high,20,60,15192,lui avaient mis la pression pour qu'il répare la panne.,59598,50,0,sg,pl,0,1,14,49
17,stat_low,3,21,58825,projette de l'engager.,38234,165,0,pl,sg,0,1,14,49
17,percep_low,22,94,64991,réparent les ordinateurs.,32313,94,1,sg,pl,0,1,14,49
17,stat_high,17,68,10979,lui a confié son avis sur le mouvement.,23705,68,1,sg,sg,1,1,14,49
17,stat_high,13,29,83560,est originaire d'Italie.,52717,-39,0,pl,sg,0,1,14,49
17,percep_high,24,22,41411,dansait tout seul.,31806,18,0,sg,sg,1,1,14,49
18,percep_high,20,50,33600,manipulait un ordinateur,16856,50,1,sg,sg,1,0,7,56
18,percep_high,27,75,21566,etait en primaire avec lui,18957,75,1,sg,sg,1,0,7,56
18,stat_low,19,99,34821,faisaient une partie de football,22813,99,1,pl,pl,1,0,7,56
18,stat_high,17,68,16213,telephonnait,13958,68,1,sg,sg,1,0,7,56
18,stat_low,3,163,39189,travaillaient la terre,19665,165,0,pl,pl,1,0,7,56
18,stat_high,21,165,54376,travaillaient pour lui,16567,-19,0,pl,pl,1,0,7,56
18,stat_low,23,96,20242,faisait du cinema,15163,98,0,sg,sg,1,0,7,56
18,percep_high,8,811,23335,faisait un cours,11279,-48,0,sg,sg,1,0,7,56
18,stat_low,7,126,40062,finissait son concert,13644,152,0,pl,sg,0,0,7,56
18,stat_high,25,65,40796,dansaient,17219,69,0,pl,pl,1,0,7,56
18,stat_high,13,32,63511,ont bu,15604,-39,0,pl,pl,1,0,7,56
18,percep_high,24,36,16674,draguait,10143,18,0,sg,sg,1,0,7,56
18,stat_low,11,38,16250, est parti a la guerre,33083,117,0,sg,sg,1,0,7,56
18,stat_high,1,44,19416,joue au cinema,13143,29,0,pl,sg,0,0,7,56
18,stat_low,15,109,38690,jouait de la musique,15431,109,1,pl,sg,0,1,7,56
18,percep_low,18,41,21378,jouaient dans la cour,11690,114,0,pl,pl,1,1,7,56
18,percep_low,22,68,23232,filmait une scene,15046,94,0,sg,sg,1,1,7,56
18,stat_high,9,0,16250,travallait,13390,-54,0,sg,sg,1,1,7,56
18,percep_low,10,53,12975,jouait au tennis,13998,112,0,sg,sg,1,1,7,56
18,percep_high,4,68,27377,mangeaient une soupe,16626,68,1,pl,pl,1,1,7,56
18,percep_low,14,98,18605,dansait un slow,13370,106,0,sg,sg,1,1,7,56
18,percep_high,16,50,28877,ecrivait au tableau,22040,42,0,sg,sg,1,1,7,56
18,percep_low,2,108,21592,chantaient,8944,109,0,pl,pl,1,1,7,56
18,percep_high,12,1,10710,buvait un  whisky,14114,1,1,sg,sg,1,1,7,56
18,percep_low,6,20,13769,criait a l haut parleur,20265,164,0,pl,sg,0,1,7,56
18,stat_high,5,0,16241,allaient operer,13122,22,0,pl,pl,1,1,7,56
18,percep_low,26,70,28850,preparait son agenda,12733,94,0,sg,sg,1,1,7,56
18,percep_high,28,420,25194,avancait a grands pas,14088,64,0,sg,sg,1,1,7,56
19,percep_high,8,38,212348,sont silencieux,53777,-48,0,sg,pl,0,0,12,19
19,stat_low,3,21,38434,ont été adorables avec elle,25159,165,0,pl,pl,1,0,12,19
19,stat_low,11,33,48286,sont partis au front pendant la première guerre Mondiale,35679,117,0,sg,pl,0,0,12,19
19,percep_high,4,68,29151,est à  la mode en ce moment,11765,68,1,pl,sg,0,0,12,19
19,percep_high,28,64,26438,est indétrônable,16380,64,1,sg,sg,1,0,12,19
19,percep_high,12,1,7531,était en pleine préparation d'un futur entraïnement.,30569,1,1,sg,sg,1,0,12,19
19,stat_low,23,66,30203,sont actuellement en tête d'affiche.,24356,98,0,sg,pl,0,0,12,19
19,stat_high,13,-9,105527,est très heureuse,15164,-39,0,pl,sg,0,0,12,19
19,stat_high,1,29,43568,est malheureusement décédé hier,14079,29,1,pl,sg,0,0,12,19
19,percep_high,27,11,15829,est assez casanier,13889,75,0,sg,sg,1,0,12,19
19,percep_low,6,20,12346,tiennent des propos complètement délirants.,51962,164,0,pl,pl,1,0,12,19
19,stat_high,17,68,12738,était très vindicatif,11994,68,1,sg,sg,1,0,12,19
19,percep_high,20,50,11017,était très appliqué à  la tâche,17685,50,1,sg,sg,1,0,12,19
19,percep_low,2,73,19300,a disparu en mer ,15803,109,0,pl,sg,0,0,12,19
19,percep_low,18,54,20448,jouaient dans la cour ,9231,114,0,pl,pl,1,1,12,19
19,stat_high,5,22,27518,a eu une perte de poids anormale,28948,22,1,pl,sg,0,1,12,19
19,percep_high,16,42,30704,sont alignés en rang d'oignon,22232,42,1,sg,pl,0,1,12,19
19,stat_high,9,-54,55116,est d'ailleurs très charmant,11034,-54,1,sg,sg,1,1,12,19
19,percep_high,24,18,49347,était entrain de baver en dormant,16013,18,1,sg,sg,1,1,12,19
19,percep_low,14,52,39279,était entrain de faire sa promenade hebdomadaire,28449,106,0,sg,sg,1,1,12,19
19,stat_low,15,77,23922,est parti en tournée pour plusieurs mois,20009,109,0,pl,sg,0,1,12,19
19,stat_low,19,67,31890,dirige plusieurs grosses entreprises,16171,99,0,pl,sg,0,1,12,19
19,percep_low,10,42,14152,était très à  l'écoute du personnel,22417,112,0,sg,sg,1,1,12,19
19,stat_high,21,-19,87586,a détourné beaucoup d'argent,16231,-19,1,pl,sg,0,1,12,19
19,stat_low,7,40,19908,mettaient une super ambiance à  son concert,29918,152,0,pl,pl,1,1,12,19
19,percep_low,26,70,11126,était très peu patient,11951,94,0,sg,pl,0,1,12,19
19,stat_high,25,69,12052,étaient hilares,13026,69,1,pl,pl,1,1,12,19
19,percep_low,22,62,14186,avait un air fort inquiétant,16414,94,0,sg,sg,1,1,12,19
20,percep_low,6,164,107780,haranguaient la foule,37939,164,1,pl,pl,1,0,18,75
20,percep_low,26,94,15924,acceptait l'interview,39110,94,1,sg,sg,1,0,18,75
20,stat_high,21,- 19,110272,profitent de la situation,35097,-19,0,pl,pl,1,0,18,75
20,stat_low,15,109,17002,sont adorables,14213,109,1,pl,pl,1,0,18,75
20,percep_low,18,114,15083,sont ses amies,14675,114,1,pl,pl,1,0,18,75
20,stat_low,7,152,21129,sont comme lui,31855,152,1,pl,pl,1,0,18,75
20,stat_high,5,22,19457,veulent qu'elle se repose,61435,22,1,pl,pl,1,0,18,75
20,stat_high,25,69,12009,sont grands,38992,69,1,pl,pl,1,0,18,75
20,stat_high,9,- 54,64539,est professeur,25575,-54,0,sg,sg,1,0,18,75
20,stat_low,11,33,21461,part en mission,25285,117,0,sg,sg,1,0,18,75
20,percep_high,20,50,11584,sait diriger,19269,50,1,sg,sg,1,0,18,75
20,percep_high,12,1,10118,stimule ses troupes,25584,1,1,sg,sg,1,0,18,75
20,percep_high,8,- 47,59549,redige son prochain cours,40131,-48,0,sg,sg,1,0,18,75
20,percep_high,4,68,12125,monte l'escalier,28014,68,1,pl,sg,0,0,18,75
20,stat_low,23,98,13908,est un bon,16445,98,1,sg,sg,1,1,18,75
20,stat_high,17,68,8804,défile sur le boulevard,19730,68,1,sg,sg,1,1,18,75
20,percep_high,27,89,9300,est son mentor,23660,75,0,sg,sg,1,1,18,75
20,percep_high,28,64,25477,a crevé,11190,64,1,sg,sg,1,1,18,75
20,percep_low,2,109,33015,sont inobjectifs,38018,109,1,pl,pl,1,1,18,75
20,percep_low,10,102,22057,est devant les autres,29264,112,0,sg,sg,1,1,18,75
20,percep_low,22,52,17608,peut lui fournir des informations,24311,94,0,sg,sg,1,1,18,75
20,stat_high,1,29,24955,montent leur dossier,25876,29,1,pl,pl,1,1,18,75
20,stat_low,3,163,21137,taillent les buis,30790,165,0,pl,pl,1,1,18,75
20,stat_high,13,- 39,31540,sont très accueuillants,30127,-39,0,pl,pl,1,1,18,75
20,percep_high,24,18,17360,observait ses voisins,19656,18,1,sg,sg,1,1,18,75
20,percep_low,14,106,18696,est beau,17760,106,1,sg,sg,1,1,18,75
20,percep_high,16,42,16383,doit être excellant,27903,42,1,sg,sg,1,1,18,75
20,stat_low,19,67,17328,ont besoin d'une remise à  niveau,21109,99,0,pl,pl,1,1,18,75
21,percep_high,23,90,51345,allait embrasser une actrice,30020,45,0,sg,sg,1,0,0,46
21,percep_low,13,72,76351,étaient assis sur le banc,32308,127,0,pl,pl,1,0,0,46
21,stat_low,20,73,30662,voulait travailler sur un projet,41011,86,0,sg,sg,1,0,0,46
21,stat_low,4,75,22073,allait passer a une émission,31911,80,0,pl,sg,0,0,0,46
21,percep_low,5,95,57485,allait l'aborder,24824,136,0,pl,sg,0,0,0,46
21,percep_high,7,81,51330,étaient déchainés,28383,34,0,pl,pl,1,0,0,46
21,percep_low,21,87,47897,allait faire une lourde erreur,34831,151,0,pl,sg,0,0,0,46
21,stat_low,16,80,31371,l'a emmener dans un restaurant raffiné,26460,93,0,sg,sg,1,0,0,46
21,stat_low,24,93,37851,allait tomber malade,32025,139,0,sg,sg,1,0,0,46
21,percep_high,27,76,39915,partait en mer,15354,75,0,sg,sg,1,0,0,46
21,stat_high,18,85,84543,ont dormi ce week-end a la maison,34588,9,0,pl,pl,1,0,0,46
21,percep_low,9,82,55142,ont fait la fete a l'ecole.,46620,153,0,sg,pl,0,0,0,46
21,stat_low,8,77,49493,est venu en france,30331,142,0,sg,sg,1,0,0,46
21,percep_high,19,75,34810,ont fini leur discours,27825,46,0,pl,pl,1,0,0,46
21,stat_high,6,75,62868,allait faire une betise,30762,-22,0,pl,sg,0,1,0,46
21,stat_high,10,65,38611,sans arret l'embeter,35501,0,0,sg,sg,1,1,0,46
21,percep_low,1,92,45815,l'ont énervés,16876,129,0,pl,pl,1,1,0,46
21,percep_low,25,84,28990,l'ont emmener a la patinoire,15360,94,0,pl,pl,1,1,0,46
21,percep_low,17,91,20060,était dans la manifestion des étudiants,31549,104,0,sg,sg,1,1,0,46
21,stat_high,22,68,26695,travaille a l'unicef,22815,-1,0,sg,sg,1,1,0,46
21,stat_low,12,68,30337,est venu a Paris ilya pas longtemps,39721,93,0,sg,sg,1,1,0,46
21,percep_high,15,83,44729,étaient très sages et polis,35782,76,0,pl,pl,1,1,0,46
21,percep_high,28,75,30987,était dans le peloton,13323,64,0,sg,sg,1,1,0,46
21,stat_high,2,80,17971,s'entrainait a la course,20845,17,0,pl,pl,1,1,0,46
21,percep_high,11,62,40722,partait guerrir ,34376,3,0,sg,sg,1,1,0,46
21,stat_high,14,72,35558,chanter dans la salle,15969,36,0,sg,sg,1,1,0,46
21,stat_high,26,74,48623,l'a inviter a boire un verre,16795,63,0,sg,sg,1,1,0,46
21,percep_high,3,76,101839,ont gagner le gros lot,22414,13,0,pl,pl,1,1,0,46
22,stat_high,14,81,42330,parlait,23209,36,0,sg,sg,1,0,21,23
22,stat_high,10,0,34156,militait,15896,0,1,sg,sg,1,0,21,23
22,stat_high,6,-22,38083,assassinaient,11576,-22,1,pl,pl,1,0,21,23
22,stat_high,2,17,13222,gagnaient,24203,17,1,pl,pl,1,0,21,23
22,percep_low,1,129,34911,le poursuivaient,20633,129,1,pl,pl,1,0,21,23
22,percep_high,27,75,7617,hurlait,8579,75,1,sg,sg,1,0,21,23
22,percep_low,17,104,15827,courait,12540,104,1,sg,sg,1,0,21,23
22,percep_high,15,76,31499,chantaient,11754,76,1,pl,pl,1,0,21,23
22,percep_high,7,34,13171,posaient,7937,34,1,pl,pl,1,0,21,23
22,stat_high,26,63,11556,est gentil,29480,63,1,sg,sg,1,0,21,23
22,percep_low,5,46,29138,oscultent,12641,136,0,pl,pl,1,0,21,23
22,percep_high,23,45,8036,fumait,11196,45,1,sg,sg,1,0,21,23
22,percep_high,11,7,21971,courait,11803,3,0,sg,sg,1,0,21,23
22,percep_low,21,161,84067,fraudaient,7736,151,0,pl,pl,1,0,21,23
22,stat_high,18,9,48291,fuguaient,14203,9,1,pl,pl,1,1,21,23
22,percep_high,28,86,9003,buvait,10489,64,0,sg,sg,1,1,21,23
22,stat_low,12,93,32698,flambe,11973,93,1,sg,sg,1,1,21,23
22,stat_low,24,139,42571,dormaient,7637,139,1,sg,pl,0,1,21,23
22,percep_low,9,29,35620,révisent,15242,153,0,sg,pl,0,1,21,23
22,percep_high,3,13,8819,jardinent,19371,13,1,pl,pl,1,1,21,23
22,stat_low,20,86,7480,surveillaient,15901,86,1,sg,pl,0,1,21,23
22,percep_high,19,46,20651,travaillent,10083,46,1,pl,pl,1,1,21,23
22,stat_low,8,142,36628,batifolait,13379,142,1,sg,sg,1,1,21,23
22,stat_high,22,-1,17893,passait,15572,-1,1,sg,sg,1,1,21,23
22,percep_low,13,33,52251,s'embrassaient,7850,127,0,pl,pl,1,1,21,23
22,stat_low,4,80,12515,avance,9562,80,1,pl,sg,0,1,21,23
22,percep_low,25,94,14211,rentraient,19444,94,1,pl,pl,1,1,21,23
22,stat_low,16,93,11196,cuisinait,12995,93,1,sg,sg,1,1,21,23
23,percep_high,15,170,24483,vient de jouer,23360,76,0,pl,sg,0,0,21,32
23,stat_low,20,86,12354,lui a confirmé la nouvelle,21121,86,1,sg,sg,1,0,21,32
23,percep_low,13,127,32075,souhaitaient partir,41716,127,1,pl,pl,1,0,21,32
23,percep_low,21,150,30094,n'avaient rien à  se reprocher,36413,151,0,pl,pl,1,0,21,32
23,stat_high,2,17,15395,avait remportait le championnat,38658,17,1,pl,sg,0,0,21,32
23,stat_low,12,93,15364,est une femme épatante,29516,93,1,sg,sg,1,0,21,32
23,stat_low,8,144,20123,partait à  l'étranger,103482,142,0,sg,sg,1,0,21,32
23,stat_high,14,26,22257,s'étaient produits sur scène,52675,36,0,sg,pl,0,0,21,32
23,percep_low,17,104,8434,disparaissait dans la foule,19040,104,1,sg,sg,1,0,21,32
23,percep_low,25,94,10243,ne l'ont pas beaucoup apprécié,23268,94,1,pl,pl,1,0,21,32
23,percep_low,9,153,29260,l'avaient invité,28917,153,1,sg,pl,0,0,21,32
23,percep_high,28,86,8722,avait remporté la course,18681,64,0,sg,sg,1,0,21,32
23,stat_low,24,149,34323,était contre le projet.,30835,139,0,sg,sg,1,0,21,32
23,stat_low,4,80,12019,a remporté un oscar,110545,80,1,pl,sg,0,0,21,32
23,percep_low,5,136,16515,avait fait un malaise,14356,136,1,pl,sg,0,1,21,32
23,stat_high,22,-1,23675,lui interdaisaient l'accès au réseau.,26999,-1,1,sg,pl,0,1,21,32
23,percep_high,11,3,22164,revenaient du front,43883,3,1,sg,pl,0,1,21,32
23,percep_high,3,13,9723,parlait.,37211,13,1,pl,sg,0,1,21,32
23,stat_high,26,63,18907,lui avait payé à  boire.,19771,63,1,sg,sg,1,1,21,32
23,percep_low,1,129,16081,l'attaquait en justice.,19163,129,1,pl,sg,0,1,21,32
23,percep_high,23,45,16396,volait dans la caisse.,21731,45,1,sg,sg,1,1,21,32
23,percep_high,27,75,8507,partait.,28860,75,1,sg,sg,1,1,21,32
23,percep_high,19,46,13244,ne savaient plus quoi faire,22755,46,1,pl,pl,1,1,21,32
23,stat_high,6,218,15315,l'avaient torturé.,17875,-22,0,pl,pl,1,1,21,32
23,stat_low,16,93,12953,l'avait invitée.,24282,93,1,sg,sg,1,1,21,32
23,stat_high,18,9,19412,avaient oublié leurs clés.,30115,9,1,pl,pl,1,1,21,32
23,percep_high,7,34,13892,hurlaient devant la scène.,22396,34,1,pl,pl,1,1,21,32
23,stat_high,10,0,32843,était un homme violent.,31573,0,1,sg,pl,0,1,21,32
24,percep_low,13,127,60125,dansaient,29603,127,1,pl,pl,1,0,20,24
24,percep_low,5,136,16075,l'examinait,18817,136,1,pl,sg,0,0,20,24
24,percep_high,3,13,16739,prenaient une pause café,41924,13,1,pl,pl,1,0,20,24
24,stat_high,2,17,8666,fanfaronnaient,34817,17,1,pl,pl,1,0,20,24
24,stat_low,12,57,28827,s'avère être son pà¨re,29874,93,0,sg,sg,1,0,20,24
24,stat_low,16,93,27835,lui plaisait,19684,93,1,sg,sg,1,0,20,24
24,percep_low,9,9,17396,traïnent avec son fils,30729,153,0,sg,pl,0,0,20,24
24,percep_high,11,3,36349,s'étaient blessés au combat,21819,3,1,sg,pl,0,0,20,24
24,stat_high,14,36,24930,se sont produits sur la scène de Bercy hier,30411,36,1,sg,pl,0,0,20,24
24,stat_high,6,-22,49298,avaient assassiné sa femme et ses enfants,22173,-22,1,pl,pl,1,0,20,24
24,stat_high,18,9,14459,partait en voyage,20932,9,1,pl,sg,0,0,20,24
24,percep_high,27,75,5953,donnait ses ordres,28489,75,1,sg,sg,1,0,20,24
24,percep_low,17,104,13164,montait sur l'échaffaudage,20532,104,1,sg,sg,1,0,20,24
24,percep_high,15,76,17292,dormaient,11938,76,1,pl,pl,1,0,20,24
24,stat_low,24,131,11803,était un vieux sénile,20123,139,0,sg,sg,1,1,20,24
24,percep_low,25,94,12922,sont sur-protecteurs,16596,94,1,pl,pl,1,1,20,24
24,stat_high,10,-10,33236,qui devenait trop autoritaire,31450,0,0,sg,sg,1,1,20,24
24,stat_low,20,86,8924,souhaite l'embaucher,24460,86,1,sg,sg,1,1,20,24
24,percep_low,21,151,22691,mijotaient quelque chose,34036,151,1,pl,pl,1,1,20,24
24,stat_high,26,63,21569,est intéressé par le produire,18540,63,1,sg,sg,1,1,20,24
24,percep_high,23,45,15140,trafficotait avec la concurrence,20171,45,1,sg,sg,1,1,20,24
24,percep_high,28,86,6669,ont participé au tour de France,35131,64,0,sg,pl,0,1,20,24
24,percep_high,7,41,13162,étaient au premier rang,13899,34,0,pl,pl,1,1,20,24
24,percep_high,19,46,15851,souhaite augmenter leurs payes,40299,46,1,pl,sg,0,1,20,24
24,stat_high,22,-1,20235,prenait trop de pause café,15170,-1,1,sg,sg,1,1,20,24
24,stat_low,4,80,9316,est dans tous les magazines people en ce moment,42164,80,1,pl,sg,0,1,20,24
24,percep_low,1,59,9964,avait fraudé,14396,129,0,pl,sg,0,1,20,24
24,stat_low,8,16,18500,étudiaient les sciences sous-marines,41155,142,0,sg,pl,0,1,20,24
25,percep_high,15,224,61092,dansent,11778,76,0,pl,pl,1,0,1,18
25,percep_low,17,382,40042,hurlait,8199,104,0,sg,sg,1,0,1,18
25,percep_low,13,201,34026,dansaient,17371,127,0,pl,pl,1,0,1,18
25,percep_low,21,124,54858,chuchutaient,21713,151,0,pl,pl,1,0,1,18
25,stat_low,24,170,23163,était lent,14361,139,0,sg,sg,1,0,1,18
25,percep_low,25,156,30108,mentaient,22651,94,0,pl,pl,1,0,1,18
25,percep_high,19,444,29371,travaillaient,11442,46,0,pl,pl,1,0,1,18
25,stat_low,16,164,38219,parlait assez fort ,24146,93,0,sg,sg,1,0,1,18
25,stat_low,20,114,22731,était gentil,13987,86,0,sg,sg,1,0,1,18
25,stat_high,10,250,5707,n'était pas agréable,18952,0,0,sg,sg,1,0,1,18
25,stat_high,2,124,9194,étaient déjà  partis,26611,17,0,pl,pl,1,0,1,18
25,stat_high,22,161,8051,voulait dormir,18692,-1,0,sg,sg,1,0,1,18
25,stat_low,4,149,22361,étaient malins,24540,80,0,pl,pl,1,0,1,18
25,percep_high,11,126,9476,mangeait,15652,3,0,sg,sg,1,0,1,18
25,percep_low,9,75,8835,pleurait,11690,153,0,sg,sg,1,1,1,18
25,percep_high,3,119,5155,étaient grands,17051,13,0,pl,pl,1,1,1,18
25,stat_low,12,200,14233,était beau,18185,93,0,sg,sg,1,1,1,18
25,percep_high,27,75,32165,mourait,9124,75,1,sg,sg,1,1,1,18
25,stat_low,8,225,4556,voulait de lui,10899,142,0,sg,sg,1,1,1,18
25,stat_high,14,189,17788,dansait,13219,36,0,sg,sg,1,1,1,18
25,percep_low,5,500,27853,mentaient,12443,136,0,pl,pl,1,1,1,18
25,stat_high,26,92,30091,jouaeint,15372,63,0,sg,sg,1,1,1,18
25,percep_high,28,178,7308,était disparu,15219,64,0,sg,sg,1,1,1,18
25,percep_high,23,195,6613,fumait,6731,45,0,sg,sg,1,1,1,18
25,percep_high,7,173,6635,criaent,11660,34,0,pl,pl,1,1,1,18
25,stat_high,18,183,16674,n'avaient pas de maison,15443,9,0,pl,pl,1,1,1,18
25,stat_high,6,160,11387,avaient tué ses amis,16708,-22,0,pl,pl,1,1,1,18
25,percep_low,1,148,12100,ont menti,16307,129,0,pl,pl,1,1,1,18
26,percep_high,7,34,103226,l'accompagnaient avec coeur.,59708,34,1,pl,pl,1,0,10,52
26,stat_low,20,86,99835,travaillaient sur le chantier.,32754,86,1,sg,pl,0,0,10,52
26,percep_high,15,170,31449,aimait jouer pour les enfants.,47938,76,0,pl,sg,0,0,10,52
26,stat_low,8,162,49387,aimaient tant leur professeur.,52721,142,0,sg,pl,0,0,10,52
26,stat_high,22,608,39728,étaient sur le projet.,26652,-1,0,sg,pl,0,0,10,52
26,stat_low,12,96,27018,ont gagné cette année.,75475,93,0,sg,pl,0,0,10,52
26,percep_high,28,86,13677,a gagné le Tour de France.,139682,64,0,sg,sg,1,0,10,52
26,stat_low,16,102,26825,lui avaient fait une jolie surprise.,94411,93,0,sg,pl,0,0,10,52
26,percep_low,5,136,39060,s'inquiétaient de son poids.,93363,136,1,pl,pl,1,0,10,52
26,percep_low,1,129,31312,le lui avait demandé.,60908,129,1,pl,sg,0,0,10,52
26,stat_low,24,139,27908,l'admiraient.,71769,139,1,sg,pl,0,0,10,52
26,percep_high,19,316,34421,les accompagnait.,49706,46,0,pl,sg,0,0,10,52
26,percep_low,13,127,23314,posait.,37203,127,1,pl,sg,0,0,10,52
26,percep_low,21,151,39778,comptait démissionner.,62122,151,1,pl,sg,0,0,10,52
26,stat_high,10,504,33500,avaient fait un très bon boulot!,165347,0,0,sg,pl,0,1,10,52
26,percep_high,27,75,30884,partaient vers le large.,30628,75,1,sg,pl,0,1,10,52
26,percep_low,9,153,23484,aimaient travailler dans son groupe.,68299,153,1,sg,pl,0,1,10,52
26,percep_low,25,94,30547,"aimerait, à  son tour%2C rencontrer les siens.",79916,94,1,pl,sg,0,1,10,52
26,stat_high,14,210,35763,aimaient tant jouer avec elle.,55301,36,0,sg,pl,0,1,10,52
26,stat_high,26,152,25201,le suivaient.,37364,63,0,sg,pl,0,1,10,52
26,stat_high,6,664,50434,le vénéraient.,40707,-22,0,pl,pl,1,1,10,52
26,percep_high,3,765,26004,lui avaient fait un si beau jardin.,44403,13,0,pl,pl,1,1,10,52
26,percep_low,17,460,25531,les menait.,126197,104,0,sg,sg,1,1,10,52
26,stat_high,2,801,22747,"a gagné, cette année%2C le Marathon de Paris.",105619,17,0,pl,sg,0,1,10,52
26,percep_high,23,312,117516,l'accompagnaient.,42764,45,0,sg,pl,0,1,10,52
26,percep_high,11,414,45131,le protégeaient.,64150,3,0,sg,pl,0,1,10,52
26,stat_low,4,228,35484,aime tant ses patisseries.,59731,80,0,pl,sg,0,1,10,52
26,stat_high,18,474,51011,aiment tant ses bonbons.,42821,9,0,pl,pl,1,1,10,52
27,percep_high,28,86,53839,lui faisait de l'effet.,53964,64,0,sg,sg,1,0,20,19
27,percep_high,7,34,34314,étaient belles.,30527,34,1,pl,pl,1,0,20,19
27,stat_high,2,17,29473,avait remporté la compétition.,36272,17,1,pl,sg,0,0,20,19
27,stat_low,4,74,28978,est passée à  la télévision.,33641,80,0,pl,sg,0,0,20,19
27,percep_low,25,78,17045,l'a trompé.,41061,94,0,pl,sg,0,0,20,19
27,stat_high,14,36,35050,était blond.,60921,36,1,sg,sg,1,0,20,19
27,stat_high,18,9,34903, ont fugués.,39046,9,1,pl,pl,1,0,20,19
27,percep_high,19,46,14539,ont les yeux rivés sur leurs ordinateurs.,41719,46,1,pl,pl,1,0,20,19
27,percep_high,11,3,55648,sauve une vie.,33383,3,1,sg,sg,1,0,20,19
27,percep_high,23,45,36483,couchait avec une actrice.,36971,45,1,sg,sg,1,0,20,19
27,percep_low,13,127,45791,applaudissait.,18222,127,1,pl,sg,0,0,20,19
27,stat_low,16,93,27052,l'avait invitée.,25866,93,1,sg,sg,1,0,20,19
27,stat_low,8,142,52295,l'avait aidé à  obtenir son année.,34022,142,1,sg,sg,1,0,20,19
27,percep_low,21,151,49376,dormaient.,16632,151,1,pl,pl,1,0,20,19
27,percep_high,3,13,11194,sont expérimentés.,39900,13,1,pl,pl,1,1,20,19
27,stat_low,12,93,47256,est musclé.,24267,93,1,sg,sg,1,1,20,19
27,percep_low,1,139,22410,négociaient.,23077,129,0,pl,pl,1,1,20,19
27,stat_high,6,-18,110326,agressaient les passants dans la rue.,31892,-22,0,pl,pl,1,1,20,19
27,stat_low,24,144,36990,mangeait une pomme.,20868,139,0,sg,sg,1,1,20,19
27,percep_high,27,75,17580,s'est noyé.,25791,75,1,sg,sg,1,1,20,19
27,percep_low,9,163,51773,ont trichés,21474,153,0,sg,pl,0,1,20,19
27,stat_high,10,0,21207,le harcelait.,18404,0,1,sg,sg,1,1,20,19
27,stat_high,26,63,14777,lui a donné des places gratuites pour le prochain concert.,49277,63,1,sg,sg,1,1,20,19
27,stat_high,22,-1,14665,lui avait réparé son ordinateur.,42318,-1,1,sg,sg,1,1,20,19
27,percep_high,15,83,27028,jouaient de la basse.,25980,76,0,pl,pl,1,1,20,19
27,stat_low,20,86,19182,le harcelait.,24870,86,1,sg,sg,1,1,20,19
27,percep_low,17,104,13874,s'est blessé à  l'oeil,25612,104,1,sg,sg,1,1,20,19
27,percep_low,5,136,26095,étaient très sérieux,46641,136,1,pl,pl,1,1,20,19
28,percep_low,5,136,32204,devra servir à  l'expérimentation,22002,136,1,pl,sg,0,0,2,64
28,stat_high,26,152,20452,les suit dans leur trounée,16202,63,0,sg,sg,1,0,2,64
28,stat_high,10,672,20818,occupent aujourd hui l'usine,26358,0,0,sg,pl,0,0,2,64
28,percep_low,17,460,12946,occupent l'usine,16362,104,0,sg,pl,0,0,2,64
28,stat_high,14,312,23156,jouent actuellement,21187,36,0,sg,pl,0,0,2,64
28,percep_low,1,535,40083,est en cause dans ce procès,18028,129,0,pl,sg,0,0,2,64
28,percep_low,21,760,17107,est accusé,18915,151,0,pl,sg,0,0,2,64
28,stat_low,24,594,26380,manifestent,17523,139,0,sg,pl,0,0,2,64
28,percep_low,25,336,17068,passeront la soirée avec eux,15115,94,0,pl,pl,1,0,2,64
28,stat_low,8,648,37680,arrivent demain,22363,142,0,sg,pl,0,0,2,64
28,stat_low,20,  37 0,22033,opèrent actuellement,14073,86,0,sg,pl,0,0,2,64
28,stat_low,4,222,25563,sera célébrée ce soir,33537,80,0,pl,sg,0,0,2,64
28,percep_high,28,474,23867,arrivent en ville,12787,64,0,sg,pl,0,0,2,64
28,stat_low,16,328,24034,étudient les maths,27188,93,0,sg,pl,0,0,2,64
28,percep_high,15,190,41041,MONTE sur scène,14683,76,0,pl,sg,0,1,2,64
28,percep_high,3,365,37849,vient d'acheter la propriété,17567,13,0,pl,sg,0,1,2,64
28,percep_high,19,312,27390,remplace mr ducchmol,18754,46,0,pl,sg,0,1,2,64
28,percep_high,27,75,10252,accostent,12820,75,1,sg,pl,0,1,2,64
28,stat_high,22,608,29419,sont sous contrat,15425,-1,0,sg,pl,0,1,2,64
28,percep_high,7,  61 6,23896,est sur ce poster,14511,34,0,pl,sg,0,1,2,64
28,percep_low,9,576,26018,vont commencer l'année,15058,153,0,sg,pl,0,1,2,64
28,percep_high,23,312,22355,fumait sur le plateau,21292,45,0,sg,sg,1,1,2,64
28,stat_high,18,474,31586,a des problèmes,16212,9,0,pl,sg,0,1,2,64
28,stat_high,2,729,36156,souffre du talon,9691,17,0,pl,sg,0,1,2,64
28,percep_low,13,441,19914,sont arrivés en retard,14075,127,0,pl,pl,1,1,2,64
28,stat_low,12,666,23788,jouent ce soir !,19131,93,0,sg,pl,0,1,2,64
28,stat_high,6,664,23891,vient de prendre le pouvoir,15652,-22,0,pl,sg,0,1,2,64
28,percep_high,11,408,26628,figurent sur cette scène,25044,3,0,sg,pl,0,1,2,64
29,percep_high,13,39,56872,sont venue au mariage,13398,-39,0,pl,pl,1,0,19,39
29,percep_low,7,41,29706,sont venus à  son concert,12206,152,0,pl,pl,1,0,19,39
29,percep_high,25,69,5563,sont venus à  la maison,12451,69,1,pl,pl,1,0,19,39
29,stat_low,26,94,8282,était present au concert,21447,94,1,sg,sg,1,0,19,39
29,stat_high,24,18,17009,était venu à  la réunion,12913,18,1,sg,sg,1,0,19,39
29,stat_high,20,50,7213,est venu résoudre le problème,23027,50,1,sg,sg,1,0,19,39
29,percep_low,15,109,13246,sont venu à  la répétition,33148,109,1,pl,pl,1,0,19,39
29,stat_low,14,106,19450,est venu à  sa répétition,18295,106,1,sg,sg,1,0,19,39
29,percep_low,23,98,8198,volait la recette du jour,13182,98,1,sg,sg,1,0,19,39
29,stat_high,8,38,42556,terminait sa carrière,33271,-48,0,sg,sg,1,0,19,39
29,percep_high,5,22,13085,prenait ses mensurations,21383,22,1,pl,sg,0,0,19,39
29,stat_low,18,114,21557,battait sa femme,21299,114,1,pl,sg,0,0,19,39
29,percep_high,28,64,9655,a gagné la course,12158,64,1,sg,sg,1,0,19,39
29,percep_low,11,117,19054,a participé à  la guerre,15221,117,1,sg,sg,1,0,19,39
29,percep_low,3,21,18353,ont créé son jardin,13717,165,0,pl,pl,1,1,19,39
29,percep_low,19,99,12069,ont participé à  la réunion,14399,99,1,pl,pl,1,1,19,39
29,stat_high,12,1,9104,ont gagné la compétition,16383,1,1,sg,pl,0,1,19,39
29,percep_high,27,89,8124,débarquait sa marchandise,14180,75,0,sg,sg,1,1,19,39
29,percep_high,21,-19,49018,faussait les comptes,23810,-19,1,pl,sg,0,1,19,39
29,stat_low,10,109,10135,a participé à  la manifestation,36443,112,0,sg,sg,1,1,19,39
29,stat_low,6,20,16958,l'ont persécuté,25465,164,0,pl,pl,1,1,19,39
29,stat_low,22,94,26786,c'est occupé de la panne,9933,94,1,sg,sg,1,1,19,39
29,stat_high,4,68,9564,a fait le défilé,17531,68,1,pl,sg,0,1,19,39
29,stat_high,16,44,15103,a fait le cours de science,24732,42,0,sg,sg,1,1,19,39
29,stat_low,2,109,5545,a gagné la compétition,12831,109,1,pl,sg,0,1,19,39
29,percep_high,17,68,7196,était en tête de cortège,13823,68,1,sg,sg,1,1,19,39
29,percep_high,1,29,25061,le défendait,8936,29,1,pl,sg,0,1,19,39
29,percep_high,9,-53,42828,avait porté plainte,19105,-54,0,sg,sg,1,1,19,39
30,stat_high,20,320,80075,a rendu sa réponse  concernant le télétravail.,44651,50,0,sg,sg,1,0,0,53
30,percep_low,3,900,40927, cette année ont remportés le premier prix.,59489,165,0,pl,pl,1,0,0,53
30,percep_high,27,89,15672, a  rendu la medaille au meilleur  des marins.,54370,75,0,sg,sg,1,0,0,53
30,stat_high,4,220,24302,préparent  pour le début de l'année un défilé international.,56591,68,0,pl,pl,1,0,0,53
30,percep_high,13,51,36974, étonnament etaient tous habillés de noir.,41712,-39,0,pl,pl,1,0,0,53
30,stat_low,18,534,44006,n'avaient  aucun endroit pour se loger du à  l'innondation de leur chambre d'étudiant.,73114,114,0,pl,pl,1,0,0,53
30,stat_low,6,30,42191,se sont excusés.,57155,164,0,pl,pl,1,0,0,53
30,stat_high,24,520,23340, s'est empressé de la bousculer pendant une réunion municipale.,71321,18,0,sg,sg,1,0,0,53
30,stat_low,22,660,142209, a jugé bon de ne pas embaucher une autre personne.,44142,94,0,sg,sg,1,0,0,53
30,percep_high,28,486,59024, à  la fin de sa course n'a pas récuperé son trophé.,49533,64,0,sg,sg,1,0,0,53
30,stat_low,26,176,25932, lui a offert une place  pour sa prochaine tournée.,62380,94,0,sg,sg,1,0,0,53
30,stat_high,12,647,157859, a remis en question sa date de départ  pour la retraite.  ,64467,1,0,sg,sg,1,0,0,53
30,stat_low,2,850,13274, lui ont proposés de s'entrainer avec eux le dimanche.,46669,109,0,pl,pl,1,0,0,53
30,percep_high,1,405,41401,discutaient  avec de grands gestes.,32988,29,0,pl,pl,1,0,0,53
30,stat_high,8,760,30733, avait du mal à  trouver une femme.,40116,-48,0,sg,sg,1,1,0,53
30,stat_high,16,352,27375,lui a raconter comment il preparait son programme de i'année.,70543,42,0,sg,sg,1,1,0,53
30,percep_high,21,750,22893,semblaient dissimuler des documents.,35460,-19,0,pl,pl,1,1,0,53
30,stat_low,10,514,51150, se servait dans la caisse du CE.,41596,112,0,sg,sg,1,1,0,53
30,percep_low,15,162,21267, comme leur père jouer dans une symphonie.,45200,109,0,pl,sg,0,1,0,53
30,percep_high,5,415,30449, apres reflexion lui ont diagnostiqués une carence alimentaire.,58533,22,0,pl,pl,1,1,0,53
30,percep_low,23,294,34708, grimaçait de douleurs.,36508,98,0,sg,sg,1,1,0,53
30,percep_high,9,466,59186, a demander au service  administratif de lui fournir les documents pour le voyage.,59521,-54,0,sg,sg,1,1,0,53
30,percep_low,11,492,64413,a retrouvé toutes ses vcouleurs d'origine.,33518,117,0,sg,sg,1,1,0,53
30,percep_low,19,400,29901,se sont réunit  afin de regler les problemes de finance.,37627,99,0,pl,pl,1,1,0,53
30,percep_high,17,460,22625, a eu un oeil crevé.,32203,68,0,sg,sg,1,1,0,53
30,stat_low,14,297,53618,à  fait un discour  pour la fin du concert.,40869,106,0,sg,sg,1,1,0,53
30,percep_low,7,742,26514, avaient tous une crete colorée.,27449,152,0,pl,pl,1,1,0,53
30,percep_high,25,336,19356,avaient toutes une robe de soirée.,34031,69,0,pl,pl,1,1,0,53
31,stat_high,16,106,21336,est sympathique,24341,42,0,sg,sg,1,0,0,63
31,percep_low,3,182,124101,travaillent avec passion,28445,165,0,pl,pl,1,0,0,63
31,stat_high,12,693,175525,connaït  1 bonne adresse,50213,1,0,sg,sg,1,0,0,63
31,stat_low,26,144,42357,est avenant,29150,94,0,sg,sg,1,0,0,63
31,stat_low,22,106,29125,est en charge de la maintenance,31502,94,0,sg,sg,1,0,0,63
31,stat_high,20,370,50316,est en charge des éventuels problèmes,41605,50,0,sg,sg,1,0,0,63
31,stat_low,10,134,56614,le harcelait,37853,112,0,sg,sg,1,0,0,63
31,percep_high,28,474,79941,signe des autographes avec le sourire,52789,64,0,sg,sg,1,0,0,63
31,stat_low,6,190,28062,s'est repenti,18989,164,0,pl,sg,0,0,0,63
31,percep_high,9,576,154061,revendiquait,30325,-54,0,sg,sg,1,0,0,63
31,percep_high,13,441,99069,a pris la pose,22357,-39,0,pl,sg,0,0,0,63
31,stat_high,4,228,43230,"reste ""simple""",30614,68,0,pl,sg,0,0,0,63
31,percep_low,7,195,60941,applaudissent,22326,152,0,pl,sg,0,0,0,63
31,stat_low,14,188,64062,"a bien ""vendu"" ses artistes",48198,106,0,sg,sg,1,0,0,63
31,percep_low,23,126,29406,les harcelait,105125,98,0,sg,sg,1,1,0,63
31,percep_high,27,153,34454,scrutait l'horizon,23950,75,0,sg,sg,1,1,0,63
31,percep_high,21,582,51534,piochaient dans la caisse,22246,-19,0,pl,pl,1,1,0,63
31,percep_high,25,336,44102,sont assez sympathiques,30846,69,0,pl,pl,1,1,0,63
31,percep_high,1,401,52950,rédigeait leurs plaidoiries,34886,29,0,pl,sg,0,1,0,63
31,percep_high,17,461,47198,clamait dans son mégaphone,32366,68,0,sg,sg,1,1,0,63
31,stat_high,8,918,68014,était plein d'impatience,64374,-48,0,sg,sg,1,1,0,63
31,stat_high,24,498,32430,était trop hésitant,24038,18,0,sg,sg,1,1,0,63
31,percep_low,19,348,33286,doutaient,19254,99,0,pl,pl,1,1,0,63
31,percep_high,5,410,26646,s'inquiétaient,21014,22,0,pl,pl,1,1,0,63
31,percep_low,11,564,30550,"est très ""photogénique""",34685,117,0,sg,sg,1,1,0,63
31,stat_low,18,158,24487,ne demandaient que ça,25989,114,0,pl,pl,1,1,0,63
31,stat_low,2,120,28326,veulent l'intégrer,34110,109,0,pl,pl,1,1,0,63
31,percep_low,15,175,39406,écoutent avec ravissement,28366,109,0,pl,pl,1,1,0,63
32,stat_low,22,94,19320,lui a apporté son aide,13326,94,1,sg,sg,1,0,27,27
32,percep_high,17,68,10189,criait très fort,12301,68,1,sg,sg,1,0,27,27
32,stat_low,14,106,19142,était beau gosse,12669,106,1,sg,sg,1,0,27,27
32,percep_low,3,165,34646,devaient travailler très dur,19741,165,1,pl,pl,1,0,27,27
32,percep_high,1,29,23029,portait plainte,10733,29,1,pl,sg,0,0,27,27
32,percep_low,7,152,15606,se produisait sur scène,13909,152,1,pl,sg,0,0,27,27
32,stat_high,4,68,8182,passe à  la télévision,24006,68,1,pl,sg,0,0,27,27
32,percep_high,28,64,27574,passait par son village lors du Tour de France,16501,64,1,sg,sg,1,0,27,27
32,stat_high,12,1,5269,faisaient le show lors de la dernière rencontre,23597,1,1,sg,pl,0,0,27,27
32,percep_low,23,98,11805,harcelait la petite nouvelle,25357,98,1,sg,sg,1,0,27,27
32,stat_high,24,18,22645,se déplaçait en fauteuil roulant,23749,18,1,sg,sg,1,0,27,27
32,percep_high,27,75,7109,faisait le salut,11078,75,1,sg,sg,1,0,27,27
32,stat_high,8,-48,48157,leur faisait passer leur oral de fin d'année,26637,-48,1,sg,sg,1,0,27,27
32,stat_high,20,50,5853,opéraient sur son chantier,11478,50,1,sg,pl,0,0,27,27
32,percep_high,5,22,22717,défile à  la fashion week,15734,22,1,pl,sg,0,1,27,27
32,stat_low,18,114,23461,partait en week-end ,27151,114,1,pl,sg,0,1,27,27
32,percep_low,19,99,12597,s'affairaient autour des joueurs,17367,99,1,pl,pl,1,1,27,27
32,stat_low,26,94,10623,se produisent ce soir,11438,94,1,sg,pl,0,1,27,27
32,percep_low,15,109,10846,animait la kermesse,15118,109,1,pl,sg,0,1,27,27
32,percep_low,11,117,23998,revenaient blessés de mission,22440,117,1,sg,pl,0,1,27,27
32,stat_low,6,164,18982,a massacré toute sa famille,10910,164,1,pl,sg,0,1,27,27
32,stat_low,2,109,15390,a remporté la finale du dernier championnat,20246,109,1,pl,sg,0,1,27,27
32,percep_high,9,-54,25606,dormaient chez lui pendant leur échange scolaire,33197,-54,1,sg,pl,0,1,27,27
32,percep_high,21,-19,49446,vient d'être nommé,10237,-19,1,pl,sg,0,1,27,27
32,stat_high,16,42,35206,passaient leur concours,32325,42,1,sg,pl,0,1,27,27
32,stat_low,10,112,29606,ont fait grève le mois dernier,21974,112,1,sg,pl,0,1,27,27
32,percep_high,25,65,9933,habite à  Avigong,14007,69,0,pl,sg,0,1,27,27
32,percep_high,13,-39,69286,a célébré son mariage la semaine dernière,21006,-39,1,pl,sg,0,1,27,27
33,percep_high,17,460,88511,entraïnait la foule,17973,68,0,sg,sg,1,0,0,67
33,stat_low,14,264,26852,les valorisait ,47116,106,0,sg,sg,1,0,0,67
33,stat_high,20,370,19956,arrivait sur le chantier,37941,50,0,sg,sg,1,0,0,67
33,percep_low,19,348,73508,travaillaient,14501,99,0,pl,pl,1,0,0,67
33,percep_high,5,410,31508,défilait,16023,22,0,pl,sg,0,0,0,67
33,stat_high,4,228,19173,chantait sur scène,39508,68,0,pl,sg,0,0,0,67
33,percep_high,21,632,62220,était en poste au Ministère,21525,-19,0,pl,sg,0,0,0,67
33,percep_high,27,89,27564,scrutait l'horizon,27533,75,0,sg,sg,1,0,0,67
33,stat_low,18,534,35917,emménageaient dans l'immeuble,29893,114,0,pl,pl,1,0,0,67
33,stat_high,24,498,24012,déambulait sur le trottoir,24245,18,0,sg,sg,1,0,0,67
33,stat_low,6,808,22037,polémiquaient,24141,164,0,pl,pl,1,0,0,67
33,stat_low,26,176,19445,négociait un contrat,22036,94,0,sg,sg,1,0,0,67
33,stat_low,22,640,32461,intervenait pour une réparation,24917,94,0,sg,sg,1,0,0,67
33,percep_low,15,202,17045,jouaient du piano,54189,109,0,pl,pl,1,0,0,67
33,stat_low,10,572,36093,ne faisait pas son travail,57325,112,0,sg,sg,1,1,0,67
33,percep_low,23,344,19612,buvait du whisky,33079,98,0,sg,sg,1,1,0,67
33,percep_high,9,576,22430,traversait la rue,15590,-54,0,sg,sg,1,1,0,67
33,stat_high,12,657,73125,travaillait pour lui,20838,1,0,sg,sg,1,1,0,67
33,stat_high,8,648,31325,partait à  la retraite,25774,-48,0,sg,sg,1,1,0,67
33,percep_high,25,336,21150,se disputaient,22301,69,0,pl,pl,1,1,0,67
33,percep_low,11,492,26453,étaient fatigués,67605,117,0,sg,pl,0,1,0,67
33,percep_high,28,474,20149,recevait une médaille,23510,64,0,sg,sg,1,1,0,67
33,percep_low,3,909,17149,vivait de ses rentes,88740,165,0,pl,sg,0,1,0,67
33,percep_low,7,728,19709,se produisait sur scène,25933,152,0,pl,sg,0,1,0,67
33,stat_low,2,837,26524,avait reçu une médaille d'or,45653,109,0,pl,sg,0,1,0,67
33,percep_high,1,405,19950,plaidaient sa cause,36773,29,0,pl,pl,1,1,0,67
33,percep_high,13,441,26517,dansait la valse,29246,-39,0,pl,sg,0,1,0,67
33,stat_high,16,312,29941,enseignait en ville,107300,42,0,sg,sg,1,1,0,67
34,stat_high,8,648,74696,avaient assisté à  son cours,19516,-48,0,sg,pl,0,0,7,31
34,percep_high,9,436,19365,aveint redoublé l'année dernière,18852,-54,0,sg,sg,1,0,7,31
34,stat_low,14,106,26301,lui avaient fait découvrir la musique classique,16893,106,1,sg,pl,0,0,7,31
34,percep_low,19,99,12741,courraient partout les bras en l'air,13213,99,1,pl,pl,1,0,7,31
34,percep_low,15,109,11725,revenaient de l'école,9077,109,1,pl,pl,1,0,7,31
34,percep_high,13,441,50804,portait toujours son bouquet blanc,12479,-39,0,pl,sg,0,0,7,31
34,percep_high,5,27,22357,semblaient inquiets,12934,22,0,pl,pl,1,0,7,31
34,stat_high,4,68,13878,lui avait donné sa carte de visite,16052,68,1,pl,sg,0,0,7,31
34,stat_high,20,50,8181,ne manquait pas d'assurance,18972,50,1,sg,sg,1,0,7,31
34,stat_low,22,80,13693,lui avaient indiqué l'emplacement de son bureau,23013,94,0,sg,pl,0,0,7,31
34,percep_high,1,29,48245,se cachait des caméras,18396,29,1,pl,sg,0,0,7,31
34,percep_low,7,40,16333,le poursuivaient de leurs clameurs,11054,152,0,pl,pl,1,0,7,31
34,percep_high,21,632,65580,avaient l'air louche,10941,-19,0,pl,pl,1,0,7,31
34,percep_high,25,336,14933,ne lui donnait plus de nouvelles depuis une semaine,13557,69,0,pl,sg,0,0,7,31
34,percep_high,28,474,26221,avaient bravé le Tour de France,15549,64,0,sg,pl,0,1,7,31
34,percep_high,27,75,16086,semblait perdu,7573,75,1,sg,sg,1,1,7,31
34,stat_high,12,657,21310,n'avait rien à  envier à  ses recrues,14110,1,0,sg,sg,1,1,7,31
34,stat_low,2,73,13382,devait concourir prochainement contre lui,23070,109,0,pl,sg,0,1,7,31
34,percep_low,23,66,14374,regardait par-delà  la lorgnette des vestiaires des femmes,26413,98,0,sg,sg,1,1,7,31
34,stat_low,26,70,14054,lui promettait monts et merveilles,12909,94,0,sg,sg,1,1,7,31
34,stat_low,6,20,30701,l'avaient torturé sans merci,11854,164,0,pl,pl,1,1,7,31
34,stat_high,24,498,15237,lui avaient donné le pouvoir de le faire,11470,18,0,sg,pl,0,1,7,31
34,percep_low,3,21,12134,auraient taillé les haies en forme de dollars,18510,165,0,pl,pl,1,1,7,31
34,percep_high,17,460,19735,jouait des coudes dans la foule,10709,68,0,sg,sg,1,1,7,31
34,stat_high,16,312,34629,l'avaient rejetée pour sa couleur de peau,20054,42,0,sg,pl,0,1,7,31
34,stat_low,10,42,17670,avait trahi leur confiance à  tous,16014,112,0,sg,sg,1,1,7,31
34,percep_low,11,33,20590,se prêtait volontiers au jeu,14037,117,0,sg,sg,1,1,7,31
34,stat_low,18,54,21774,avaient fort mauvais caractère,9494,114,0,pl,pl,1,1,7,31
35,stat_high,3,30,15632,étaient assis,20556,13,0,pl,pl,1,0,13,53
35,percep_high,14,36,26070,sont en concert ce soir,31125,36,1,sg,pl,0,0,13,53
35,stat_high,11,3,16565,reviennent de la guerre,14853,3,1,sg,pl,0,0,13,53
35,percep_low,4,68,30389,était bien habillée,17781,80,0,pl,sg,0,0,13,53
35,percep_low,20,50,12805,travaillaient dur,18005,86,0,sg,pl,0,0,13,53
35,percep_high,6,-22,44997,criait à  la foule,12646,-22,1,pl,sg,0,0,13,53
35,percep_high,27,75,24173,habite à côte,21149,75,1,sg,sg,1,0,13,53
35,stat_low,25,69,10229,étaient à  la maison,21485,94,0,pl,pl,1,0,13,53
35,percep_low,16,38,24733,sont au CP,29214,93,0,sg,pl,0,0,13,53
35,stat_low,21,19,29613,était en poste ,16189,151,0,pl,sg,0,0,13,53
35,stat_low,13,41,35158,était en blanc,16142,127,0,pl,sg,0,0,13,53
35,stat_low,9,-54,43942,mangent à  la cantine,19565,153,0,sg,pl,0,0,13,53
35,stat_low,1,29,37461,est très célà¨bre,27437,129,0,pl,sg,0,0,13,53
35,stat_high,19,46,29806,jouent au rugby,14741,46,1,pl,pl,1,0,13,53
35,percep_high,18,9,17318,habite à  côté,14550,9,1,pl,sg,0,1,13,53
35,stat_high,7,25,20077,est en tournée,10399,34,0,pl,sg,0,1,13,53
35,percep_high,2,17,21837,est en compétition,13158,17,1,pl,sg,0,1,13,53
35,percep_high,28,64,20486,est en tête de la course,19886,64,1,sg,sg,1,1,13,53
35,stat_high,15,76,19229,est âgé,9326,76,1,pl,sg,0,1,13,53
35,percep_low,8,-43,26293,sont en travaux pratiques,34757,142,0,sg,pl,0,1,13,53
35,percep_high,26,63,20070,sont en concert ce soir,14166,63,1,sg,pl,0,1,13,53
35,percep_high,22,-1,7358,sont dans son service,11934,-1,1,sg,pl,0,1,13,53
35,percep_high,10,0,28084,ont bien travaillé,14789,0,1,sg,pl,0,1,13,53
35,percep_low,12,1,10639,jouent ce soir,16445,93,0,sg,pl,0,1,13,53
35,percep_low,24,18,25901,buvait de l'alcool,18878,139,0,sg,sg,1,1,13,53
35,stat_low,5,51,24574,a défilé,9710,136,0,pl,sg,0,1,13,53
35,stat_low,17,68,10918,était en tête de cortège,18381,104,0,sg,sg,1,1,13,53
35,stat_high,23,45,15933,jouent dans ce film,13847,45,1,sg,pl,0,1,13,53
36,stat_low,11,33,70423,partaient à  la guerre,21373,117,0,sg,pl,0,0,21,36
36,percep_high,8,-48,91395,parlaient,11412,-48,1,sg,pl,0,0,21,36
36,percep_low,2,109,40132,courraient,9341,109,1,pl,pl,1,0,21,36
36,stat_low,23,98,46547,jouaient dans cette pièce,16622,98,1,sg,pl,0,0,21,36
36,stat_high,25,69,17925,se moquaient d'elle,38733,69,1,pl,pl,1,0,21,36
36,stat_low,15,109,34629,avait joué la sonate,20125,109,1,pl,sg,0,0,21,36
36,stat_high,13,-59,113314,a mis sa robe ce matin,29829,-39,0,pl,sg,0,0,21,36
36,percep_high,4,68,40933,a signé des autographes ce matin,17188,68,1,pl,sg,0,0,21,36
36,stat_low,3,165,55763,a gagné au loto l'an dernier,14318,165,1,pl,sg,0,0,21,36
36,percep_low,10,112,42333,parlera pour tout le monde,34051,112,1,sg,sg,1,0,21,36
36,stat_low,7,159,45493,chante a capella,30284,152,0,pl,sg,0,0,21,36
36,percep_high,24,18,52580,rentrait à  la maison,10006,18,1,sg,sg,1,0,21,36
36,percep_low,6,164,64260,complotaient,16013,164,1,pl,pl,1,0,21,36
36,percep_high,16,32,33629,chahutaient,37149,42,0,sg,pl,0,0,21,36
36,percep_high,12,1,14189,pourrait travailler avec nous l'an prochain,22237,1,1,sg,sg,1,1,21,36
36,stat_high,1,29,34829,est parti aujourd'hui,25965,29,1,pl,sg,0,1,21,36
36,percep_high,27,89,20062,sont dans le sous-marin,14429,75,0,sg,pl,0,1,21,36
36,stat_low,19,99,18662,vont aujourd'hui jouer un match,12294,99,1,pl,pl,1,1,21,36
36,percep_low,22,92,65724,ont trouvé un nouveau programme,14196,94,0,sg,pl,0,1,21,36
36,percep_low,14,102,57340,répètent aujourd'hui,19446,106,0,sg,pl,0,1,21,36
36,percep_high,28,64,65612,ont courru aujourd'hui,12046,64,1,sg,pl,0,1,21,36
36,stat_high,5,22,31917,est opéré aujourd'hui,8254,22,1,pl,sg,0,1,21,36
36,percep_low,18,114,42485,taille les haies,13077,114,1,pl,sg,0,1,21,36
36,percep_low,26,94,22053,ont bien travaillé aujourd'hui,11910,94,1,sg,pl,0,1,21,36
36,stat_high,21,-19,101067,a fait des versements indus,13470,-19,1,pl,sg,0,1,21,36
36,stat_high,17,68,16293,ont tenu les banderoles,21862,68,1,sg,pl,0,1,21,36
36,stat_high,9,-54,37869,rentrait du travail,10661,-54,1,sg,sg,1,1,21,36
36,percep_high,20,50,9965,ont fabriqué un outil,9278,50,1,sg,pl,0,1,21,36
